ID,FH,CL,CH,CD,FLA,FLL,FLW,PS,PE,PL,AWL,ANL,SN,PAF,PAS,PAT,GWE,GL,GWI
6003,79,106.67,45,0.5317,31.67,52.9,1.23,11.67,0,30.73,7.47,0.3,60.33,0,NA,0,0.6447,0.9812,0.2891
6008,133,143,50,0.686,11.67,63.97,1.47,13.33,5.33,31.53,5.33,0.3,108,1,0,NA,0.7111,0.9389,0.2948
6010,115,109,20,0.5963,13.33,33.3,1.07,8.33,0,31.97,5.07,0.34,67,3,1,4,0.4061,NA,NA
6011,133,136.33,50,0.4497,80,32.73,0.87,16.67,9.17,33.93,4.83,0.44,45.33,5,4,4,0.5706,0.9337,0.2715
6012,136,140.67,50,0.6403,18.33,39.07,1.2,16.67,2.53,31.97,3.93,0.387,86,4,1,1,0.6751,1.0281,0.2571
6021,133,160.33,30,0.6517,51.67,55.5,1.33,16.67,0,26.7,3.43,0.35,76.67,2,1,0,0.6811,0.9576,0.274
6023,100,124.33,50,0.7083,16.67,58.43,1.2,26.67,0,36.17,5.83,0.3,81.33,3,1,1,0.6991,0.8621,0.259
6024,118,121.33,45,0.5847,16.67,44.03,1.2,13.33,2.07,31.07,5.77,0.32,53.67,1,NA,0,0.72,1.0071,0.2524
6026,118,117.33,55,0.613,26.67,45.13,1.27,30,1.7,29.27,4.13,0.313,90.67,1,1,0,0.6591,0.8861,0.2655
6028,114,130.67,70,0.5323,65,46.5,1.1,15,0.97,26.4,4.1,0.37,69,1,3,2,0.6929,0.994,0.2606
6031,91,106.67,65,0.4073,76.67,38.9,0.9,60,10.4,24.83,4.9,0.32,46,3,1,2,0.6183,1.0057,0.274
6032,89,103,50,0.6933,23.33,40.2,1.18,11.67,0,28.43,4.1,0.35,93.67,4,3,0,0.5637,0.8593,0.2592
6034_1,121,110,40,0.5523,11.67,48.03,1.17,20,2.13,25.2,5.23,0.32,56.67,2,1,2,0.6092,0.9364,0.2764
6034_2,111,104.33,50,0.5997,11.67,38.33,1.07,8.33,2.57,25.33,4.9,0.33,47.67,3,2,3,0.6435,0.9042,0.2566
6036,151,153.67,NA,0.6313,40,48.93,1.23,13.33,4.77,29.93,2.8,0.32,85.67,4,3,3,NA,NA,NA
6037,120,178.67,45,0.666,70,47.03,1.1,46.67,9.97,37.53,4.03,0.313,122.67,5,0,2,0.5969,0.9339,0.2569
6038,97,115.67,65,0.5733,41.67,44.47,1.13,28.33,1.4,30.77,6,0.3,68.67,3,3,NA,0.6001,0.9157,0.2545
6040,113,113.33,50,0.4773,10,34.37,1.1,11.67,0,23.2,3.18,0.37,71.33,3,0,0,0.5805,0.954,0.2491
6044,124,162.67,50,0.516,48.33,37.83,1.23,10,5.57,30.87,2,0.36,78,3,0,0,0.652,1.0068,0.26
6046,115,134.67,50,0.6643,83.33,48.4,1.07,30,8.77,25.97,0,0.4,131.67,3,0,NA,0.5095,0.8302,0.227
6048,112,133.67,40,0.5993,50,55.83,1.3,18.33,4.83,29.83,4.75,0.37,98.33,2,0,0,0.5593,0.9673,0.2504
6053,134,140.67,50,0.5057,40,55.87,1.23,13.33,8.5,32.1,7.9,0.35,77.67,4,1,3,0.7104,0.9334,0.264
6055,114,119.67,60,0.4663,18.33,44.33,1.2,30,3.23,28.8,3.97,0.36,106.67,2,3,3,0.5885,0.8913,0.2558
6060,128,125.67,45,0.4577,13.33,44.87,1,18.33,2.43,29.03,4.03,0.4,56.67,3,3,2,0.481,0.8805,0.249
6061,105,104,50,0.4717,21.67,33.77,0.97,11.67,2.5,25.63,2.67,0.35,45,3,1,0,0.6487,0.9462,0.2464
6063,114,143,30,0.653,23.33,37.67,1.2,15,1.7,27.37,0,0.293,101,2,1,0,0.5831,0.936,0.2712
6064,68,108.67,65,0.8333,16.67,21.63,0.93,8.33,6,24.93,3.4,0.25,81.33,4,1,0,0.6953,0.8004,0.28
6066,118,109,50,0.5027,35,40.6,1.03,20,0,24.27,4.5,0.25,62,1,0,0,0.662,1.0022,0.2498
6068,122,139.67,40,0.548,11.67,38.33,1.03,15,0.17,29.17,0,0.28,73,3,0,1,0.577,0.9322,0.241
6075,99,129.33,40,0.507,18.33,54.1,1.17,13.33,0.67,32.27,4.87,0.4,84.67,4,0,0,NA,NA,NA
6076,85,108.67,30,0.543,31.67,42.2,1.27,13.33,1,26.6,4.27,0.33,36,4,1,2,0.6054,1.0333,0.2722
6079,141,163,60,0.68,38.33,42.57,0.97,10,1.83,29.93,2.13,0.32,65,5,1,0,0.517,0.9464,0.2379
6083,102,144,60,0.696,20,48.5,1.13,26.67,1.43,32.5,2.97,0.293,110.67,2,0,0,0.6608,0.9426,0.2639
6084,77,107,50,0.4773,13.33,59.33,1.27,28.33,0,28,4.2,0.25,73.33,0,NA,0,NA,0.9815,0.2661
6085,79,124,50,0.638,43.33,48.03,1.13,8.33,1.53,35.6,5.43,0.43,67.33,2,1,1,0.6453,0.9362,0.2473
6086,135,118.33,40,0.524,26.67,51.2,1.23,28.33,3.93,32,5.67,0.413,101,3,2,0,NA,0.994,0.2424
6087,107,108,50,0.6133,26.67,48.23,1,10,2.23,24.27,3.5,0.317,98,4,2,3,0.634,0.8774,0.2968
6092,120,137.33,40,0.581,91.67,49.23,0.9,20,10.43,32.27,4.3,0.42,59.67,4,2,0,0.6118,0.9262,0.2428
6093,95,102.33,50,0.6143,56.67,44.7,1.17,35,5.33,25.67,4.17,0.35,65.67,3,2,3,0.5272,0.8846,0.2331
6095,111,127.67,50,0.537,36.67,35.7,1.1,18.33,3.1,29.57,3.53,0.413,87.33,3,2,4,0.6193,0.9966,0.2301
6096,103,128.5,40,0.7303,21.67,39.8,1.43,6.67,3.1,30.13,5.23,0.26,84.67,1,1,3,0.6693,0.8965,0.2635
6098,117,119.67,40,0.558,18.33,50,1.17,26.67,2.23,24.4,3.77,0.35,78,2,0,0,0.5946,NA,NA
6100,112,158.67,25,0.6407,31.67,48.1,1.1,21.67,3.4,37.2,4.2,0.31,70,2,2,2,0.6353,0.9208,0.2633
61001_1,121,165.67,50,0.6113,33.33,42.67,1.1,21.67,6.9,33.4,4.27,0.407,87.67,5,4,0,0.632,0.9544,0.2494
61001_2,125,121.67,40,0.541,96.67,30,1.2,16.67,2.9,26.63,3.7,0.293,70.67,5,4,4,0.6417,0.9691,0.2431
61002,117,124,30,0.864,6.67,32.8,1.43,15,0,31.9,7.1,0.26,92.33,1,1,0,0.6258,0.9552,0.2907
61005,110,112.33,50,0.504,32.33,35.6,1.13,6.67,2.07,29.23,4.93,0.313,77,4,NA,0,0.56,1.0023,0.2351
61006,124,119.83,40,0.7443,26.67,55.33,0.9,21.67,3.07,33.33,5.03,0.307,62.67,2,1,2,0.5503,0.9077,0.2443
61008,110,146,60,0.74,76.67,34.3,1.03,18.33,8.63,27.33,4.27,0.287,52,3,1,0,0.6501,1.0101,0.2554
61010_1,115,156.33,30,0.611,40,47.6,1.1,21.67,3.1,34.43,5.47,0.413,111.67,4,1,1,0.5791,0.9246,0.2466
61010_2,110,109.67,30,0.782,10,31.27,1.33,10,0,26.4,4.27,0.23,84.67,2,0,0,0.5611,0.8552,0.2868
61012_1,115,143.33,50,0.543,23.33,33.2,1.17,25,6.17,28.5,4.3,0.28,62.33,1,0,0,0.5976,0.8996,0.2594
61013,94,130.67,30,0.4717,18.33,40.67,1.03,25,4.5,33.53,3.6,0.25,74.33,3,1,2,0.4945,0.8943,0.2481
61014,102,106.33,70,0.6,66.67,56.97,1.17,33.33,6.63,28.17,2.77,0.28,78,1,0,1,0.6548,0.9967,0.255
61015,120,116.67,30,0.3583,15,31.33,0.77,3.33,2.97,25.97,4.7,0.28,31,2,1,1,0.5732,0.9207,0.2377
61016,113,138.67,15,0.6307,21.67,43.37,0.93,15,1.63,33.03,4.77,0.32,71,3,2,4,0.6505,0.973,0.2536
61017,112,126.67,60,0.636,26.67,43.9,1.33,31.67,4.17,29.37,3.17,0.32,69.67,1,0,0,0.537,0.9537,0.2616
61022,152,133.67,60,0.6117,56.67,40,1.17,13.33,4.93,32.03,4.37,0.34,112.67,2,2,0,0.5507,NA,NA
61023,97,123.33,60,0.6983,20,33.53,1.27,11.67,3.77,27.07,5.4,0.32,54.33,2,1,3,0.6533,0.9882,0.2558
61024,120,121.33,35,0.6367,35,46.97,1.33,21.67,0.9,35.53,5.6,0.4,87.33,5,0,NA,0.6658,0.957,0.249
61026,115,130.67,40,0.7543,35,39.13,1.2,20,3.03,30.23,3.73,0.35,89.67,5,3,0,0.557,0.9073,0.2433
61027,82,115,55,0.597,60,50.5,1.23,58.33,0.57,28.6,2.37,0.35,102.33,1,1,1,0.6115,0.9581,0.2608
61028,79,97.17,40,0.6,18.33,42.3,1.17,28.33,0,30.3,1.7,0.343,100.33,3,0,2,0.5944,0.9163,0.2629
61031,94,104.67,70,0.4187,76.67,40.93,1.07,21.67,2.93,25.73,4.83,0.287,46.33,4,4,3,0.5817,1.0314,0.2488
61032,62,77.67,55,0.5667,70,28.37,1.08,35,1.57,22.1,4.07,0.283,44,2,3,3,NA,0.9495,0.3078
61034,110,118.67,50,0.6603,8.33,38.93,1.3,15,1.53,30.97,5.83,0.287,71.67,3,2,NA,0.6589,0.9348,0.2678
61037,103,140.67,50,0.6187,35,56.97,1.1,13.33,10.97,35.1,6,0.45,91.33,4,0,0,0.5623,0.9303,0.246
6104,98,152,50,0.8103,66.67,53.07,1.13,23.33,14.63,29.77,2.87,0.35,96.33,2,1,0,0.6002,NA,NA
61040,97,138.33,60,0.6037,101.67,46.53,1.13,28.33,4.3,31.8,3.17,0.35,108.67,1,1,0,NA,NA,NA
61041,101,134.67,40,0.5563,50,47.73,1.2,48.33,3.2,36.97,6.3,0.38,72,1,1,2,NA,NA,NA
61042,127,133,60,0.5277,51.67,42.67,0.93,23.33,2.43,35.57,7.13,0.387,59.67,3,0,0,NA,NA,NA
61044,118,122,30,0.6233,10,42.63,1.03,5,0.73,28.07,3.07,0.32,79,4,0,0,0.6827,0.8633,0.2881
61045,79,100.33,45,0.395,20,36.33,0.83,26.67,4.77,25.23,4.67,0.35,61.67,4,2,0,0.637,1.0099,0.2573
61046_1,121,120.33,50,0.5927,96.67,36.07,1.4,10,7.67,25.27,3.27,0.35,80.67,1,0,0,0.5555,0.9552,0.2573
61047,115,144.83,60,0.7433,10,34.67,1.27,6.67,4.87,26.47,2.27,0.293,91.33,4,3,3,0.6058,0.9722,0.2474
61048_1,115,113.67,50,0.5707,60,50.77,1.37,30,2.9,31.8,5.07,0.4,88.67,2,NA,NA,0.6734,0.895,0.2558
61049,117,121,60,0.5497,46.67,32.97,1.03,6.67,6.2,27.03,5.67,0.307,55,2,3,NA,0.54,0.98,0.2406
61050,117,97.33,70,0.571,61.67,35.73,1.1,45,3.53,24.17,2.67,0.32,95.33,4,2,1,0.5378,0.9116,0.2553
61053,114,112.33,30,0.687,18.33,51.8,1.27,25,0,28.9,2.9,0.307,112,3,1,0,0.6872,0.9892,0.2798
61054,107,136.67,50,0.5287,60,48.1,1.2,26.67,8.07,35.2,5.47,0.3,98,2,0,2,0.621,0.9746,0.2517
61055,106,91,50,0.6023,16.67,33.43,1.1,33.33,2.8,24.87,3.2,0.32,63.67,5,4,4,0.6607,0.9054,0.2803
61056,108,110.33,60,0.5473,53.33,45.67,1.13,61.67,2.67,26.1,2.43,0.32,68,3,3,2,0.6731,0.9169,0.2715
61057,117,132.33,30,0.501,76.67,49.83,1,15,2.37,26.8,4.17,0.35,78,4,2,1,0.6502,0.9735,0.2576
61059,128,93,50,0.588,16.67,28.5,0.97,18.33,0,19.53,3.13,0.28,59,3,2,0,NA,NA,NA
61060,124,143.67,60,0.6073,80,46.7,1.07,23.33,2.27,30.63,4.1,0.393,61.67,5,2,2,NA,NA,NA
6107,102,113.67,70,0.589,8.33,34.13,1,5,2.37,24.27,4.9,0.42,47.67,4,3,5,0.6071,NA,NA
6109,105,126.5,40,0.5437,23.33,52.87,1.18,16.67,3.83,26.77,1.8,0.25,69.33,5,4,NA,0.5844,0.9004,0.2581
6111,89,96.33,50,0.543,25,55.87,1.13,26.67,0,29.73,2.53,0.393,129.33,5,4,3,0.6858,NA,NA
6112,110,125.33,55,0.588,18.33,48.77,1.07,15,1.1,32.6,5.4,0.367,87.33,5,4,4,0.6946,0.9539,0.2636
6113,141,133.67,50,0.6617,28.33,50.9,1.4,13.33,1.7,28.4,3.43,0.387,98.67,2,0,1,0.5103,0.852,0.2586
6114,141,122.67,70,0.672,18.33,45.27,1.17,16.67,0,29.03,4.43,0.3,76.67,3,3,3,0.5277,0.9157,0.2241
6118,125,126.67,60,0.736,18.33,44.33,1.07,15,11.77,29.53,6.13,0.33,71,1,0,1,0.6327,0.9135,0.2506
6119,121,135.33,70,0.6243,56.67,48.3,1.37,16.67,0,31.7,4.9,0.393,64.33,3,3,1,0.4759,0.9178,0.2653
6121,98,112.33,60,0.6933,16.67,37.57,1.3,25,2.93,30.6,2.7,0.33,106,3,1,2,0.6976,0.9176,0.2561
6122,94,108,60,0.4697,86.67,33.53,0.9,6.67,0.3,26.33,3.3,0.26,64,1,0,1,0.531,0.8694,0.2387
6123,91,113,45,0.5973,31.67,43.63,1.17,26.67,3.83,29.23,4.6,0.3,108.67,1,3,0,0.5782,0.9229,0.2563
6127,87,95,75,0.4703,70,31.73,0.83,21.67,2.87,23.1,4.63,0.3,47.33,3,2,0,0.5509,0.9214,0.2477
6129,135,120.67,50,0.6187,20,52.93,1.23,20,1.3,37.47,4.63,0.43,90.67,3,2,0,0.4747,NA,NA
6131,117,146.33,55,0.706,68.33,59.3,1.3,53.33,5.67,38.3,6.27,0.4,97.67,5,3,0,0.6358,0.9823,0.272
6138,65,87.83,70,0.6067,100,39.2,1.12,16.67,0,31.7,5,0.307,43,1,NA,0,0.7927,1.0777,0.2808
6139,99,127.83,40,0.6637,43.33,49.7,1.17,18.33,3.13,38.2,5.23,0.38,136.33,3,1,1,0.5083,0.8664,0.2445
6142_1,100,99.67,65,0.4167,56.67,38.67,1,30,1.47,27.63,4.47,0.33,62,4,3,4,0.6004,0.8843,0.2798
6142_2,119,124,60,0.761,70,52,1.2,55,6,26.8,3.97,0.32,94.33,2,4,4,0.5793,0.9631,0.2549
6144,132,95.67,40,0.615,11.67,53.3,0.97,6.67,1.67,30.3,6.43,0.3,90.33,3,0,0,0.5211,0.8004,0.2561
6145,122,128,80,0.7257,18.33,44.53,1,10,2.3,31.07,3.27,0.35,115,3,0,0,0.5486,1.0153,0.2325
6151,118,149.5,40,0.667,78.33,33.93,1.03,30,3.73,27.4,0,0.307,102.33,4,1,2,0.6625,0.9791,0.2687
6153,158,123.67,50,0.6353,8.33,42.77,1.33,16.67,0,29.23,5.97,0.27,86.67,2,1,1,0.6255,0.8843,0.2566
6160,140,130,70,0.5087,73.33,40.67,1.2,28.33,5.1,28.27,3.67,0.32,71,4,4,3,0.6095,0.9718,0.2631
6161,94,128,55,0.71,53.33,52.3,1.38,40,5.87,32.7,4.8,0.32,106.67,2,0,3,0.599,0.9442,0.2498
6163,129,127.33,50,0.6457,76.67,39.6,0.87,23.33,12.5,29.83,3.6,0.407,63.33,4,3,1,0.6638,1.0378,0.2481
6166,110,116,60,0.521,85,46.3,1.22,28.33,0,28.47,1.57,0.3,76.67,2,0,1,0.4992,0.8432,0.2391
6169,132,140.67,70,0.529,31.67,46.7,1.07,25,3.6,31.07,4.63,0.387,92.67,5,3,NA,0.6278,NA,NA
6170,100,120,52.5,0.5465,47.5,46.08,1.2,30,8.7,25.23,3.6,0.345,50,5,4,0,0.5103,0.8671,0.2443
6179,107,122.33,80,0.6987,18.33,47.27,1.3,13.33,2.03,31.3,3.87,0.3,90,1,0,0,0.5161,0.9289,0.2609
6184,114,129.33,35,0.698,106.67,45.93,1.27,33.33,3.33,32.8,3.23,0.377,94.33,1,0,0,0.6172,1.0154,0.2487
6187,78,100.67,50,0.506,15,35.23,1.33,23.33,0,24.93,2.33,0.2,135.67,2,1,1,0.5868,0.8605,0.2689
6192,115,123.33,55,0.556,21.67,42.83,1.1,31.67,2.77,29.07,4.37,0.4,74,3,1,1,0.616,0.9743,0.2705
6193,116,134.67,50,0.8323,16.67,44.2,1.07,13.33,3.23,29.33,4.97,0.287,103,3,1,1,0.6138,0.8192,0.259
6195,103,102,65,0.6193,35,53.5,1.03,26.67,0.6,30.83,4.6,0.4,99,1,0,0,0.6844,0.9967,0.25
6197,137,136,60,0.6093,46.67,52.73,1.13,15,2.87,36.27,5.1,0.32,75.33,4,3,1,0.5813,NA,NA
6198,103,104.67,60,0.601,15,29.7,1.2,8.33,0,28.17,5.33,0.22,83.67,1,0,NA,0.6629,0.8743,0.2369
6200,96,96,60,0.4043,26.67,36.33,0.93,28.33,2.67,25.1,2.33,0.35,57,1,1,0,0.6348,0.9186,0.2429
6201,93,110.33,50,0.5403,8.33,51.17,1.28,21.67,0,31.47,4.7,0.3,105.33,2,1,3,0.6484,0.861,0.2546
6202,120,134.67,60,0.6643,40,43.93,1.4,18.33,2.33,33.03,5.1,0.35,83.33,2,0,1,0.6535,NA,NA
6203,136,129.33,40,0.627,20,38.93,1.23,26.67,4.27,30.1,3.03,0.307,104.33,2,0,0,0.5573,0.9444,0.2686
6205,127,163.33,50,0.5113,106.67,39.63,1.33,36.67,2.43,33.27,3.67,0.32,98,3,1,0,0.7543,NA,NA
6206,128,151.33,55,0.7083,8.3,39.27,1.4,6.67,5.9,30.67,4.43,0.35,169.33,4,4,3,0.8605,1.0505,0.3161
6210,111,130.33,50,0.5837,25,56.93,1.2,55,2.5,31.27,5.67,0.28,96.67,2,NA,0,0.7153,0.9105,0.2822
6211,127,153.33,15,0.7713,46.67,40.13,1.1,8.33,7.23,36.87,5.53,0.34,92.33,2,1,2,0.5835,0.9018,0.2507
6215_2,109,118,40,0.5507,16.67,54.13,1.33,26.67,2.53,32.6,5.33,0.37,94,2,3,4,0.6762,0.9492,0.2548
6216,120,151.67,30,0.8393,55,39.83,1.17,16.67,7.47,30.23,2.3,0.35,113.33,2,0,0,0.5379,0.836,0.2482
6217,108,106,70,0.7723,13.33,40.43,1.27,36.67,0.73,23.5,3.4,0.27,81,2,0,0,0.7019,0.8989,0.2836
6218,120,136.33,60,0.546,66.67,42.4,1.13,35,1.57,30.47,2.33,0.313,72,2,4,0,0.6155,1.0329,0.2539
6220,109,107.33,40,0.5997,28.33,48.13,1.3,25,0,26.73,6.5,0.393,47,2,1,3,0.4548,0.945,0.2613
6221,76,108.67,50,0.5563,26.67,41.23,0.93,16.67,2.83,32,3.1,0.32,109.33,1,0,0,0.6232,0.9656,0.2426
6222,102,113.67,50,0.6043,13.33,45.77,1.33,66.67,4.87,31.63,4.7,0.38,79,2,2,NA,0.6781,0.9379,0.256
6226,104,107.67,55,0.5393,6.67,23.73,0.8,6.67,2.97,22.1,2.7,0.22,53.33,2,1,1,0.5715,0.9055,0.2521
6231,106,125.67,40,0.455,53.33,57.33,1.4,18.33,3.57,26.6,4.17,0.22,91.33,1,0,0,0.761,0.9541,0.2763
6232,124,129,35,0.7223,43.33,42,1.1,16.67,4.73,31.5,2.43,0.313,104.33,3,1,1,0.6111,1.0418,0.253
6234,97,102.67,60,0.543,28.33,53.5,1.07,35,3.67,24.6,3.03,0.293,79.67,2,0,1,0.538,0.9226,0.2653
6235,114,101,70,0.5503,46.67,48.7,1.4,23.33,6.1,23.7,1.47,0.293,75.67,2,0,0,0.6824,1.0289,0.2687
6236,103,107,50,0.4207,8.33,33.1,0.97,15,5.93,20.57,4.67,0.293,41,2,2,3,0.5108,0.9801,0.2493
6241,114,147.83,50,0.7753,18.33,47.23,1.2,11.67,1.7,29.83,3.73,0.3,124.67,3,4,3,0.6765,0.8947,0.2792
6242,110,132,60,0.703,81.67,58.77,1.17,30,4.7,28.3,4.5,0.35,61.33,3,2,3,0.5896,0.9456,0.2572
6246,102,122.67,50,0.606,16.67,54.47,1.3,11.7,2.93,28.13,3.8,0.35,62.67,2,NA,0,0.5775,0.9396,0.2353
6248,101,128,20,0.53,40,42.27,1.2,16.67,3.5,27.23,0,0.3,91.67,2,0,0,0.58,0.8497,0.265
6249,130,147.33,40,0.552,43.33,44.6,1.13,33.33,7.47,35.67,7.53,0.35,55.67,3,0,3,0.7577,0.9785,0.2689
6251,107,127,75,0.5483,36.67,50.8,1.23,36.67,9,30.4,3.63,0.35,92,3,2,2,0.6414,1.049,0.241
6252,111,111.67,70,0.7603,70,30.1,0.97,28.33,3.87,24.33,0,0.38,85.33,4,1,0,0.578,0.8476,0.2418
6253,124,111.67,60,0.6677,21.67,47.73,1.23,10,1.43,31.63,4.53,0.28,68,2,1,0,0.6289,0.9977,0.2495
6255,107,135.33,50,0.5827,73.33,50.57,1.3,48.33,6.23,32.43,4.63,0.42,133,5,4,3,0.6112,0.9844,0.2355
6256,102,126,55,0.4953,16.67,47,1.1,36.67,9.2,33.6,5.3,0.32,98,5,1,1,0.725,0.8749,0.2627
6257,132,154.33,35,0.7077,40,34.3,1.57,16.67,0,37.9,3.1,0.32,91.33,2,0,1,0.5994,0.8753,0.2705
6258,120,132.67,60,0.523,38.33,36.47,1.77,16.67,5.47,33.23,4.6,0.423,66.67,1,2,2,0.6015,0.8248,0.2382
6260,120,154,50,0.5517,50,63.03,0.9,31.67,7.13,36.33,3.23,0.35,102.33,4,3,0,0.5562,0.9794,0.2523
6261,119,114,65,0.5843,23.33,32.17,0.83,13.33,0,21.43,1.17,0.28,72.33,3,0,0,0.5924,0.853,0.2506
6263,112,137.33,60,0.7213,10,43.1,1.27,21.67,6.23,31.33,4.53,0.32,89.33,5,1,NA,0.6629,0.9563,0.2694
6264,124,179,50,0.7227,16.67,47.4,1.17,16.67,11.03,33.33,3.43,0.36,102.67,4,1,0,0.6226,0.9931,0.2476
6266,122,139,30,0.6097,23.33,33.5,1.13,11.67,4.97,25.67,3.87,0.34,43.33,2,2,2,0.6689,1.051,0.2448
6269,95,120.33,70,0.6337,73.33,37,1.03,40,3.87,34.27,4.23,0.38,62,2,0,NA,0.6052,1.0463,0.2528
6270,98,94,50,0.517,30,40.73,1,6.67,5.83,25.17,3.73,0.36,55.33,3,2,NA,0.5639,1.0108,0.2546
6273,139,132,60,0.6593,41.67,48.83,1.23,8.33,1.87,32.2,4.23,0.28,138.33,2,2,2,0.6403,0.9508,0.2677
6276,61,93.67,70,0.7,96.67,28.63,1.27,26.67,4.8,20.33,2.07,0.293,79.67,1,3,2,0.459,0.9121,0.2454
6280,120,121.67,60,0.4947,56.67,41.9,1.13,35,4.4,30.5,6.8,0.32,54.33,2,1,2,0.5977,0.98,0.2657
6281,107,120,70,0.4513,95,41.23,0.9,43.33,5.27,28.07,1.57,0.32,58.33,4,NA,5,NA,0.921,0.2462
6282,113,124,60,0.6763,93.33,29.7,0.95,13.33,5.87,28.4,4.23,0.387,58,4,3,3,0.5395,0.9315,0.2806
6288_1,100,112,55,0.501,25,36.2,1.2,21.67,5.67,29.23,2.7,0.32,67.67,1,0,2,0.6348,0.9681,0.2495
6288_2,92,113,60,0.513,33.33,43.47,1,40,2.83,31.77,3.3,0.32,64.33,2,0,0,0.5898,1.0312,0.2585
6289,94,127,60,0.6863,13.33,42.43,1.07,10,0.13,31.43,5.53,0.3,84.67,3,1,0,0.6144,0.881,0.2694
6290,134,128,35,0.6167,43.33,44.3,1.07,23.33,6.77,33.97,3.97,0.35,79.33,1,1,1,0.4298,0.8236,0.2306
6295,156,171,50,0.653,86.67,56.4,1.2,50,0.7,41.1,1.73,0.37,174,4,4,5,0.5079,0.8571,0.2309
6300,105,130.67,20,0.7643,31.67,36,1.43,11.67,1.3,26.03,4.63,0.24,84.67,1,1,NA,0.5522,0.8457,0.2632
6302,101,128,40,0.6413,30,68.47,1.17,25,4.23,32.13,1.7,0.27,104.67,4,3,4,0.6161,0.9621,0.2503
6303,104,111.33,60,0.6363,13.33,30.8,1.1,8.33,0,29.6,3.6,0.287,76.33,1,1,NA,0.5852,0.9099,0.2616
6304,141,135,45,0.4933,48.33,41.13,1.17,33.33,4.5,32.5,3.7,0.37,91.67,4,0,1,0.4259,0.9067,0.2672
6308,109,120.33,30,0.5257,30,41.73,1.13,55,6.07,25.73,4.63,0.3,55.33,3,3,1,0.6557,0.9442,0.2549
6309,111,137,10,0.8217,11.67,39.47,1.3,6.67,0,32.13,6,0.413,90.33,2,0,1,0.5182,0.9254,0.2523
6311,91,96.67,60,0.494,48.33,44.47,1.17,43.33,2.5,26.2,3.83,0.35,59,2,0,1,0.5996,0.9679,0.2835
6313,90,128,30,0.525,43.33,27.97,0.9,20,4,28.6,3.73,0.38,64,5,3,0,0.4902,0.9203,0.2448
6320_1,100,125.33,50,0.4607,5,37.73,1.1,10,4.83,20.2,3.6,0.313,46.67,2,NA,1,0.65,0.8458,0.2616
6321,147,137.67,65,0.6863,16.67,42.27,1.2,10,0.17,34.93,2.1,0.25,103.67,1,0,0,0.5213,0.8975,0.2377
6323,100,126.33,70,0.5153,40,44.93,1.23,25,9.5,29.8,6.03,0.44,72.67,4,1,2,NA,0.8458,0.2616
6324,105,98.33,60,0.4047,28.33,18.47,0.7,10,5.1,17.63,2.9,0.3,24,2,4,4,0.472565217,0.9354,0.2472
6327,106,97.33,70,0.4797,18.33,35.7,1,5,0,17.53,3.83,0.25,63.67,2,3,2,0.57,0.8652,0.2759
6333,105,118.67,30,0.6197,86.67,43.77,0.93,31.67,1.13,32.07,1.8,0.32,102.33,3,1,0,0.5283,0.9091,0.2297
6340_1,102,118.17,45,0.7083,45,47.3,1.13,13.33,0.97,28.93,2.73,0.3,97.33,3,NA,1,0.6414,0.9271,0.2487
6340_2,88,110.67,60,0.5623,20,51.63,1.27,26.67,4.63,31.5,3.77,0.3,112.67,2,NA,2,0.5969,0.89,0.2534
6345,136,165.33,25,0.6223,16.67,51.97,1.23,13.33,0.7,36.5,6.8,0.28,79.67,3,1,2,0.5282,0.8632,0.2797
6348,90,125.67,60,0.5727,8.33,36.73,1.37,5,2.2,29.7,5.37,0.307,83.67,1,1,0,0.5643,0.8299,0.2682
6351,89,104.33,50,0.486,23.3,35.9,0.97,36.67,0,32.13,4.43,0.3,81.33,3,2,1,0.61,0.9433,0.2517
6354,97,114.67,50,0.3883,18.33,40.3,1.07,26.67,6.9,27.6,4.6,0.3,57,3,0,0,0.6774,1.0187,0.2653
6355,110,113.33,40,0.5337,6.67,47.43,1.07,13.33,0,31.13,5.47,0.35,85.33,3,2,2,0.6277,0.8883,0.269
6356,107,111.33,70,0.5433,23.33,49.2,1.3,25,1.93,29.9,5.67,0.313,91.33,4,2,1,0.5915,1.014,0.2844
6358,112,124.33,60,0.811,16.67,40.77,1.27,16.67,1.3,30.3,4.57,0.317,71.33,3,2,5,0.5803,NA,NA
6365,141,140,60,0.5843,23.33,53,1.33,23.33,8,30.52,5.43,0.32,84.67,2,1,3,0.7163,0.9668,0.2845
6369,120,138,50,0.595,56.67,45.97,1.13,33.33,11.3,31.63,5.9,0.33,68.67,3,1,2,0.5203,1.0156,0.2662
6371,107,87.33,40,0.4637,46.67,30.5,0.9,40,2.47,25.2,2.4,0.27,49,2,1,1,NA,0.9937,0.2581
6375,118,134.33,15,0.7987,11.67,41.7,1.1,21.67,3.43,28.13,3.43,0.33,85,3,0,1,0.6428,0.9371,0.2624
6377,92,101,40,0.3773,10,35.07,1.27,20,0,28.37,2.9,0.3,90.33,1,NA,0,0.7486,0.9459,0.2745
6379,117,103.67,50,0.5473,25,31.2,1.17,20,2,23.6,1.73,0.25,82.33,3,0,0,0.7751,0.9921,0.2655
6385_1,112,136,50,0.5543,40,43.53,1.1,20,7.8,31.93,4.8,0.45,79.33,3,NA,2,0.5838,0.8666,0.2416
6385_2,107,133,35,0.7267,16.67,35.27,1.13,6.67,5.33,32.47,6.53,0.293,62,1,NA,2,0.5654,0.8914,0.2503
6387,124,109.33,50,0.675,23.33,37.17,1.13,33.33,2.6,26.73,3.33,0.34,82.33,1,0,0,0.6809,1.0513,0.2584
6389,108,107,50,0.576,23.33,31.67,1,13.33,0.77,22.47,0.57,0.28,60.33,2,0,1,0.6402,0.926,0.269
6391,113,125.33,60,0.5107,94,39.3,0.97,43.33,1.9,27.4,3.8,0.4,63.67,3,3,0,0.521,0.8955,0.2745
6393,135,141.67,60,0.5003,15,42.9,1.1,10,1.63,32.53,5.33,0.307,72.33,4,1,0,0.6699,0.9675,0.2451
6400,96,109,40,0.6553,15,41.23,1.03,26.67,0,31.6,4.83,0.32,78.33,2,1,2,0.5952,0.9097,0.2628
6402,120,140,50,1.0073,13.33,42.57,1.2,16.67,0,34.53,3.47,0.33,96.33,4,1,1,0.6527,0.9387,0.2672
6403,117,129.83,60,0.728,18.33,32.47,1.12,25,4.37,31.13,3.73,0.33,77,4,1,3,0.5918,0.9259,0.27
6409,90,87.33,60,0.689,18.33,34.9,1.15,28.33,3.5,22.9,3.47,0.263,40,2,3,NA,0.6027,0.948,0.2816
6411_1,131,122.33,60,0.6527,18.33,38.83,0.83,18.33,1.3,32.27,3.2,0.307,87,4,NA,0,0.547,0.8428,0.2541
6411_2,121,132.67,50,0.4653,46.67,43.8,1,25,5.57,30.93,4.37,0.36,65,4,4,NA,0.588,0.8963,0.2754
6415,90,115.5,90,0.659,23.33,31.4,1.1,35,4.53,28.03,5.33,0.36,103.67,3,2,2,0.598,0.9293,0.2648
6418,98,115.33,60,0.565,46.67,35.03,1.25,20,11.17,27.9,4.5,0.32,80,1,0,0,0.5897,0.8762,0.261
6420,89,148,50,0.6563,10,35.77,1.13,6.67,1.83,28.47,4.33,0.26,75.33,1,0,1,0.7418,0.9353,0.2825
6421,81,113.67,30,0.5253,41.67,44.4,1.03,10,2.33,30.53,4.27,0.393,59.67,1,0,1,0.6163,1.0024,0.2511
6425,117,120,35,0.532,15,32.23,1.23,18.33,3.17,27,5.53,0.393,53.67,3,2,3,0.7148,0.9414,0.2646
6427,151,160,NA,0.6707,33.33,55.33,1.07,8.33,1.63,32.5,3.97,0.23,64.33,3,0,0,0.5847,0.8829,0.2428
6433,102,133.67,40,0.527,36.67,37.87,1.2,30,3.23,21.6,2.37,0.35,63.33,1,1,0,0.6811,0.9961,0.262
6434,119,140,75,0.59,15,34.2,1.13,33.33,10.37,26.6,4.37,0.36,50.67,4,NA,0,0.6688,NA,NA
6443,102,107.33,50,0.4627,13.33,36.17,0.97,25,3.73,24.37,3.63,0.36,51.67,4,0,0,NA,0.9045,0.2389
6445,111,146,60,0.6247,55,63.4,1.17,25,5.23,34.5,3.47,0.32,91,3,1,0,0.6021,0.9394,0.2486
6447,96,114,50,0.5217,46.67,48.6,0.9,30,4.17,29.37,1.83,0.25,68,2,1,0,0.6593,0.984,0.2559
6449,121,107.83,50,0.6617,23.33,33.53,0.9,13.33,2.77,28.23,4.2,0.38,74.33,3,3,2,0.6071,0.947,0.2732
6452,121,109.33,50,0.7083,11.67,32.47,1,15,2.93,27.63,4.5,0.24,77,4,NA,0,0.6315,0.8935,0.2717
6453,112,128.33,60,0.6553,43.33,53.27,0.95,33.33,9.77,37.37,2.83,0.4,138.67,5,4,0,0.4712,0.9097,0.2218
6455,102,115.67,50,0.6823,13.33,50.93,0.97,25,4.27,31.67,5.07,0.35,143.67,3,2,1,NA,NA,NA
6456,128,156.67,5,0.7457,15,41.1,1.33,26.67,10.87,30.8,4.73,0.387,72.67,3,3,4,0.6518,0.97,0.2618
6460,132,149.17,50,0.7973,90,38.4,1.23,10,1.33,32.27,5.33,0.293,94.33,4,1,1,0.6393,NA,NA
6462,120,133.33,50,0.75,23.33,29.6,1.07,20,5.1,29.43,3.93,0.307,76.33,2,1,0,0.6604,0.9588,0.2433
6464,80,104.17,65,0.6547,23.33,43.57,1.2,33.33,0,28.7,3.23,0.28,77,2,NA,0,0.7086,0.9629,0.2692
6466,101,104.33,70,0.449,83.33,32.07,1,23.33,3.4,21.87,2.67,0.267,71,4,4,4,0.5947,0.9034,0.268
6469,118,147.67,60,0.6873,16.67,42.83,0.93,16.67,3.07,30.53,4.47,0.26,93.33,4,1,1,0.4795,NA,NA
6471,117,151.33,70,0.784,16.67,47.27,1.33,30,4.57,32.1,5.53,0.393,97,2,NA,0,0.6664,1.0419,0.267
6475,115,137.33,50,0.6237,30,44.87,0.93,13.33,4.2,36,5.8,0.407,61.67,1,1,2,0.7022,1.0767,0.2697
6476,89,115.33,60,0.5763,43.33,35.03,1.1,41.67,3.43,27.97,1.4,0.25,74,3,1,2,0.6957,0.9018,0.2631
6479,91,116.67,60,0.3037,60,35.63,0.93,23.33,3.37,27.1,2.43,0.35,48,3,0,NA,0.5569,0.9623,0.2577
6480,124,169.33,30,0.5833,26.67,37.13,1.53,30,7.67,33.43,5.4,0.3,82.67,2,1,4,0.5906,0.8328,0.2694
6484,98,113.33,45,0.4443,93.33,40.63,1.07,13.33,0,31,3.17,0.38,61.33,2,1,2,NA,NA,NA
6485,86,149,40,0.777,96.67,35.63,1.27,5,1.6,30.3,0,0.393,73.67,3,3,3,0.591,0.9134,0.2772
6487,103,132.83,40,0.597,23.33,47.27,1.33,15,1.97,27.83,5.73,0.3,91.33,1,0,2,0.6867,0.957,0.2715
6488,139,124.67,40,0.6857,20,53.33,1.37,18.33,1.67,33.57,7.4,0.377,90.67,1,2,3,0.6415,0.9424,0.2512
6491,126,162,15,0.7687,11.67,45.47,1.3,8.33,9,37,6.1,0.307,97.67,4,2,0,0.6489,0.9333,0.2661
6493,82,108.67,80,0.5787,35,53.37,1.3,18.33,3.63,32.17,4.33,0.35,63.33,1,1,1,0.5555,0.7923,0.2791
6496,117,112,60,0.6707,8.33,35.17,0.8,8.33,1.2,30.73,5.13,0.413,63.33,3,2,1,0.6493,NA,NA
6498,100,106.67,60,0.6573,16.67,41.9,1.4,23.33,3.9,27.4,5.33,0.36,59.67,4,2,4,0.6265,0.9899,0.2663
6499,115,111.67,80,0.7617,21.67,40.13,1.4,8.33,0,30.3,4.4,0.373,118.33,3,0,0,0.5275,0.8943,0.2503
6508,99,132,60,0.5937,88.33,53.27,1.23,70,5.87,31.87,3.5,0.3,81.33,2,1,1,0.6482,0.9932,0.2775
6509,74,106.33,30,0.7667,10,42.87,1.18,16.67,0,27.77,4,0.2,83.67,1,0,NA,0.7694,0.9563,0.292
6510,84,103,75,0.6053,23.33,28.97,1.07,26.67,3.5,22.5,4.3,0.33,60.33,4,3,1,0.5975,0.9433,0.2479
6512,81,97.33,55,0.4677,40,32.13,1.47,13.33,0,22.83,4.47,0.22,62.33,3,1,3,0.6023,0.9255,0.2598
6513,111,149.67,60,0.6653,8.33,35.23,1.13,10,0,27.03,4.37,0.28,89.33,2,0,1,0.5427,0.8709,0.2554
6517,86,87,60,0.3583,53.33,39.43,0.93,31.67,0,27.7,2.87,0.313,59,2,0,0,0.6339,0.9772,0.2545
6521,100,126.33,45,0.744,30,44.47,1.17,51.67,5.67,33.5,5.57,0.3,62,3,3,0,0.7069,0.9676,0.277
6522,105,107.33,60,0.5163,26.67,37.57,1.1,10,3.73,30.93,4.8,0.32,66.33,2,3,4,NA,0.895,0.2868
6523,72,102.33,55,0.7667,48.33,39.53,1.05,11.67,1,26.27,3.63,0.3,81.67,1,1,2,0.6412,0.8884,0.2619
6527,100,129.67,45,0.4517,18.33,42.67,1.37,16.67,0,32.87,3.3,0.3,113,4,1,0,NA,0.9414,0.2796
6528,128,128.33,50,0.6447,65,35.6,0.83,48.33,10.43,28.5,4.07,0.307,71.67,4,4,0,0.7003,NA,NA
6529,113,91.67,50,0.422,88.33,43.13,1,40,3.3,29.47,4,0.413,65.33,3,2,1,0.5268,0.8882,0.2407
6532,100,131,40,0.622,73.33,42.9,1,35,3.17,26.83,1.2,0.313,64,3,2,NA,0.6342,1.0172,0.2675
6538,121,132.67,80,0.698,11.67,50.63,1.43,13.33,2.67,29.87,5.57,0.307,68.33,3,1,0,0.529,0.89,0.2599
6542_2,103,130.33,55,0.452,45,39.73,1.1,31.67,10.87,25.53,5.57,0.3,39.67,1,0,0,0.5865,0.9356,0.2662
6549,156,128.33,45,0.5817,43.33,34.57,1.23,25,2.07,29.37,3.67,0.28,80.67,3,1,0,0.5867,0.871,0.2697
6552,121,125.33,70,0.522,63.33,24.23,1.03,8.33,2.7,31.83,4.47,0.34,70,1,1,1,0.5463,0.9377,0.2507
6554,120,126.33,40,0.5537,56.67,48.83,1.4,23.33,2.83,28.2,5.9,0.33,68.33,3,4,1,0.759,0.9402,0.2565
6557,117,141,30,0.501,43.33,46.13,0.97,20,3.53,33.8,4.6,0.407,76.67,4,2,0,0.5524,0.9599,0.2374
6558,119,101.33,65,0.6033,85,27.23,1.03,26.67,6.77,20.97,4.47,0.307,47,3,0,0,0.5795,0.9251,0.2505
6560,110,140,50,0.781,16.67,51.47,1.2,21.67,4.17,32.67,1.5,0.35,179.67,1,0,0,0.5968,0.9124,0.2628
6561,109,111.33,60,0.5463,16.67,53,1.03,10,1.07,31.33,4.63,0.317,71.67,4,3,0,0.6194,0.9058,0.2483
6564,88,96.67,65,0.452,30,40.83,1.33,23.33,0,26.83,3.3,0.28,99.67,2,1,3,0.5661,0.901,0.2382
6565,117,98.33,50,0.5227,25,39.57,1.02,8.33,1.43,27.6,3.53,0.293,68,1,1,1,0.635,0.9761,0.2686
6571,113,134.67,30,0.6777,28.33,56.57,0.97,5,1.33,30.7,3.27,0.4,111.67,3,2,3,0.6538,0.9125,0.2844
6575,101,128,60,0.5283,60,45.83,1.37,43.33,3.77,30.47,4.77,0.32,72.33,2,0,0,0.678818182,1.0103,0.2673
6576,83,124.37,60,0.6667,53.33,45.77,1.22,26.67,2.93,30.73,4.17,0.277,91,3,NA,4,0.6201,0.9061,0.2639
6581,112,145.33,70,0.5193,83.33,36.77,1.23,13.33,7.3,30.97,6.13,0.3,62,5,4,0,0.6296,1.0454,0.2324
6586,131,154.67,60,0.729,10,34.07,1.23,18.33,8.5,29.73,6.4,0.34,65.33,4,2,1,0.6799,0.9336,0.2709
6589,140,116,40,0.667,75,53.03,1.13,30,1.67,32.13,4.6,0.4,77,3,3,NA,0.6117,0.9606,0.2584
6593,122,146,50,0.668,66.67,38.93,1.4,13.33,1.13,31.9,5.37,0.3,85.33,2,0,0,0.6096,NA,NA
6595,128,180.33,25,0.7407,8.33,35.63,1.23,5,3.43,32.67,3.87,0.27,138.33,3,0,NA,0.6661,0.9051,0.2721
6596,115,118.5,32.5,0.8067,14.17,64.92,1.15,17.5,0,30.53,2.52,0.24,122.17,3,3,0,0.531,0.9206,0.2566
6597,120,118,60,0.6383,53.33,48.37,0.93,36.67,2.73,25.87,0,0.32,106.67,4,1,1,0.5397,0.9147,0.2458
6598,103,98.33,50,0.668,13.33,54.5,1.03,10,3.17,29.87,5.17,0.32,83,1,0,1,0.5577,0.879,0.2457
6600,127,127.33,50,0.6457,23.33,50.87,1.17,26.67,3.67,34.27,6.03,0.34,96.67,3,1,3,0.6462,0.9523,0.2817
6601,66,92.67,50,0.5833,26.67,27.97,0.93,0,0,28.03,0.35,0.24,63.67,1,NA,0,0.6513,0.9399,0.2868
6602,105,121.67,45,0.5953,35,31.93,1.27,16.67,2.9,27.9,4.2,0.25,61.67,3,2,1,0.622,0.959,0.2682
6605,104,153,30,0.595,45,53.93,1.07,10,2.33,37.2,3.5,0.36,81,1,2,0,0.5104,0.9107,0.2124
6608,121,137,35,0.4787,91.67,39.2,1.03,23.33,4.23,25.13,1.23,0.32,80,4,2,0,0.5235,0.9386,0.2425
6609_2,77,103.33,60,0.4853,10,33.6,1.3,23.33,2.2,26.63,4.73,0.3,73,2,0,0,0.3875,0.9664,0.2671
6618,132,134,50,0.5963,11.67,70.77,1.2,13.33,3,29.57,5,0.32,121.33,4,1,0,0.459,0.8716,0.2515
6621,117,140.67,40,0.7947,80,31.5,1.18,26.67,2.73,33.53,2.5,0.4,98.67,2,0,NA,0.6477,1.1375,0.2815
6622,140,163.33,50,0.6827,15,51.27,1.23,16.67,7.1,33.7,5,0.37,73.67,4,3,3,0.7158,0.9577,0.256
6623_1,108,121.67,50,0.7663,13.33,38.93,1.12,13.33,6.23,29.6,6.2,0.287,66.33,3,NA,4,0.6932,NA,NA
6624,129,136.67,50,0.571,80,59.43,1.27,31.67,7.63,36.67,6.27,0.387,92.67,5,2,2,0.7161,1.0253,0.2459
6625,121,143,60,0.5453,16.67,38.93,1.13,5,2.07,32.9,5.03,0.2,83.33,1,0,0,0.5275,0.8929,0.245
6626,95,131.67,25,0.6333,18.33,42.2,1.13,28.33,1.73,35.8,3.93,0.43,55.33,4,2,0,0.6245,0.9631,0.2524
6628,101,111.33,60,0.7107,36.67,29.9,1.17,20,2.73,24.17,1.47,0.3,79.33,1,0,0,0.5854,0.9237,0.2614
6631,135,151.67,60,0.71,68.33,53.9,1.27,10,1.23,35.57,6.2,0.277,92.33,3,3,3,0.6611,0.9202,0.2667
6638,111,141,60,0.538,8.33,37.57,1.27,8.33,3.17,25.47,4.33,0.24,66.67,3,0,0,0.6944,0.9314,0.267
6643,128,122.33,60,0.838,21.67,39.9,1.17,18.33,0,29.97,3.37,0.217,117.33,2,0,0,0.7387,0.9593,0.2825
6644,98,147.67,60,0.6877,36.67,49.5,1.23,10,7.57,30.77,7.13,0.32,58,1,0,1,0.6696,0.9152,0.2779
6661,137,165.33,50,0.7263,23.33,55.8,1.2,15,3.23,36.93,2.93,0.387,115.33,5,3,0,0.5332,0.8609,0.2452
6664,132,155.33,45,0.699,15,42.37,1.1,16.67,1.47,36.97,5.37,0.34,127,4,3,3,0.4877,0.8461,0.2408
6665,133,149.33,60,0.7843,35,50.1,1.27,26.67,8.07,32.03,4.33,0.307,126.33,3,2,2,0.5503,0.9404,0.2378
6668,132,116.33,50,0.7253,18.33,54.1,1.27,21.67,2.9,25.83,4.9,0.34,96,4,3,5,0.68,0.9183,0.2644
6672,91,123,45,0.6273,11.67,54.23,0.93,20,2.13,30.17,3.93,0.257,96.33,3,0,1,0.6596,0.9413,0.2642
6674,134,125.33,50,0.732,35,34.27,1.27,23.33,7.33,32.9,6.47,0.3,113.67,2,1,1,0.460821429,0.8822,0.2511
6679,110,140,60,0.566,80,47.4,1.17,41.67,2.77,35.33,6.03,0.4,91.67,4,1,2,0.6318,0.9957,0.2676
6688,123,137.67,40,0.5367,18.33,51.6,0.97,21.67,2.6,36.57,5.37,0.37,77,3,1,0,0.6175,0.9157,0.2545
6691,85,117.67,45,0.4037,40,26.1,0.87,10,4.7,24.93,1.77,0.3,52.67,1,1,1,0.514,0.9506,0.2387
6693,103,124,30,0.6793,21.67,32.27,1.22,21.67,2.4,25.47,3.6,0.32,65.33,3,1,NA,0.6644,1.0138,0.2855
6702,118,118.67,70,0.6363,40,42.33,1.03,36.67,5.17,22.57,2.2,0.37,107,4,3,3,NA,0.8972,0.2545
6708,75,124.33,50,0.8333,26.67,44.17,1.18,25,4.23,31.07,0.97,0.3,107.33,1,2,2,0.6767,0.9835,0.2535
6712_1,111,110.67,55,0.6777,18.33,51.97,1.3,13.33,2.9,32.3,3.8,0.34,126.67,3,2,3,0.611,0.9203,0.2741
6712_2,71,94.33,45,0.6933,33.33,45.03,1.32,10,6.3,27.83,2.9,0.33,110.67,1,0,2,0.71,0.9596,0.2714
6714,109,102,45,0.611,16.67,38.73,1.37,40,0.33,28.53,3.73,0.3,75.67,3,3,NA,0.438714286,0.8914,0.2659
6716,124,140.33,30,0.5933,26.67,39.83,1.17,28.33,2,29.07,6.1,0.33,52.33,2,0,3,0.6644,0.9041,0.2681
6721,96,89.33,60,0.621,21.67,29.03,1.37,33.33,2.03,22.23,4.5,0.25,76.33,3,1,NA,0.6841,0.9044,0.2726
6727_1,90,111.33,60,0.5077,18.33,32.8,1.27,8.33,0,25.93,4.93,0.3,54.33,2,1,2,0.5841,0.8868,0.2839
6727_2,132,126,55,0.6417,43.33,48.1,1.27,10,6.03,29.37,5.87,0.34,63.33,4,4,0,0.7043,0.9706,0.265
6732,117,157.33,30,0.7773,33.33,30.83,1.23,26.67,4.33,34.7,3.33,0.307,97,4,3,3,0.4328,1.0162,0.2779
6733,111,97.67,70,0.7917,15,37.27,1.1,23.33,0,27.77,5.2,0.4,60,3,1,0,NA,NA,NA
6735,85,116,55,0.573,21.67,38.23,1.27,30,2.83,28.93,5.73,0.387,73.67,3,0,0,0.3883,0.8955,0.2375
6736,128,154.33,40,0.7347,18.33,47.23,1.23,26.67,6.1,36.33,4,0.3,141.67,1,0,0,0.6082,0.9815,0.2385
6737,120,152,30,0.6437,60,35.53,1.53,20,6.77,35.03,5.33,0.32,87,2,3,0,0.6861,0.9448,0.262
6739,111,173.67,20,0.829,30,42.33,1.17,13.33,5.97,37.23,5.97,0.34,101.67,4,0,3,0.6205,0.8846,0.2595
6741,128,165.67,25,0.628,73.33,64.57,1.2,23.33,6.77,29.47,0,0.3,83,3,2,1,0.6748,0.9439,0.2608
6743,107,100,65,0.6587,46.67,44.4,1.13,25,0,26.03,0.83,0.23,85.33,2,0,0,0.6036,0.9216,0.2558
6745,65,109.67,85,0.634,30,41.83,1.5,16.67,2.07,30.8,5.17,0.3,84.67,0,NA,0,0.6152,0.98,0.2621
6748,121,161,40,0.622,16.67,43.9,1.53,33.33,8.73,34.6,6.33,0.407,129.67,4,4,3,0.5853,0.8922,0.2604
6749,102,136.33,60,0.745,20,51.43,1.6,21.67,3.7,27.93,2.77,0.23,110,4,1,0,0.5847,0.8615,0.248
6751,122,156.67,45,0.707,20,54.17,1.4,33.33,6.23,33.2,6.27,0.32,96,4,0,1,0.6407,0.8807,0.2708
6752,100,130.33,50,0.771,18.33,33.1,1.37,21.67,5,28.43,5.5,0.3,103,1,NA,0,0.5622,0.8317,0.2656
6758,92,125.33,35,0.515,46.67,38.67,1.03,28.33,4.67,31.13,5.23,0.33,60.33,2,2,3,0.6265,0.9419,0.2634
6761,121,120.33,50,0.687,15,38.13,1.47,8.33,0,29.93,4.8,0.3,77,2,1,1,0.7266,0.9775,0.2936
6764,129,121.67,45,0.6137,16.67,61.37,1.23,28.33,0,35.77,5.8,0.307,93,2,0,0,0.5922,0.9019,0.2646
6766,137,118.67,65,0.7397,58.33,38.27,1.2,16.67,0.83,31.83,6.87,0.34,74,2,1,0,0.5738,0.9163,0.2669
6769,74,97.33,75,0.651,28.33,39.77,1.17,25,0,25.4,2.1,0.35,88.33,1,1,3,0.5625,1.0005,0.2651
6771,60,101.67,50,0.4363,20,27.2,0.78,0,3.7,23.83,2.97,0.26,34.67,0,NA,0,0.5732,0.9374,0.2304
6772,82,88.33,60,0.3507,16.67,27.47,1.17,28.33,0,23.87,3.57,0.3,57.33,2,1,1,0.661,0.9525,0.2647
6774,120,169.33,30,0.6267,53.33,33.33,1.33,18.33,3.83,34.13,5.37,0.413,70,2,0,2,0.5964,0.9118,0.2581
6776,109,109.67,50,0.474,63.33,44.97,1.2,21.67,0.3,24.73,3.83,0.27,62.33,3,0,1,0.5918,0.8953,0.2723
6777,135,115.33,30,0.5423,6.67,39.67,1.03,28.33,2.33,28.57,6.07,0.3,73.67,2,0,0,0.6344,0.9376,0.2583
6778,107,120,60,0.6503,100,40.1,1.17,25,0,32.97,6.63,0.3,77.33,2,1,1,0.677896552,1.0132,0.2703
6779,116,111,50,0.555,10,36.17,1,15,2.2,27.13,4.93,0.313,67,3,0,1,0.5726,0.9601,0.2399
6783,90,101.67,55,0.585,10,40.73,1.3,30,1.6,25.5,3.83,0.32,63.67,3,1,3,0.6802,0.9205,0.2705
6785,97,121.33,60,0.7473,26.67,59.47,1.3,20,5.37,36.87,4.5,0.313,146,4,3,2,0.6074,0.968,0.2603
6788,132,133.33,50,0.64,81.67,43.8,1.1,20,0.93,30.57,5.47,0.4,44.33,5,0,0,0.6726,NA,NA
6794,82,83.33,50,0.476,13.33,42.93,1.1,38.33,0,23.03,2.27,0.2,78.33,3,2,1,0.6266,0.8357,0.2636
6796,122,135,25,0.5403,55,54,1.13,13.33,1.8,32.1,3.37,0.293,99.33,4,2,0,0.6685,0.9254,0.2314
6798,107,117.67,60,0.5107,20,39.13,0.97,16.67,2.83,26.63,3.53,0.4,50.67,3,0,0,0.6636,NA,NA
6805,141,123.67,60,0.6307,46.67,52.6,1.17,25,2.47,33.07,0,0.307,149,2,2,2,NA,NA,NA
6808,101,102.67,50,0.396,13.33,51.77,1.33,36.67,5,30.43,5.07,0.4,92,3,3,4,0.5613,0.9357,0.2517
6810,72,135.67,60,0.7547,23.33,40.53,1.3,21.67,0,33.37,5.23,0.333,113.67,2,4,4,0.65,0.9485,0.2627
6813,126,137.67,50,0.6247,26.67,36.2,1,0,7.5,24.97,4.8,0.25,73.67,4,2,0,0.5632,0.8901,0.2495
6820,116,124,40,0.532,20,34,1,18.33,4.9,25.3,5.13,0.3,120.33,3,1,4,0.7185,1.0016,0.246
6821,137,161.33,50,0.7537,63.33,45.87,1.2,13.33,2.27,32.4,5.9,0.28,99.67,4,2,2,0.6104,0.8899,0.2713
6822,92,96,65,0.5647,20,37,1.53,31.67,0,29.53,5.23,0.2,92.33,2,0,NA,0.6562,0.8777,0.2829
6823,116,111,40,0.411,20,44.33,1.07,25,0,29.27,4.17,0.32,67.67,5,4,0,0.699,0.9601,0.2756
6830,123,115,55,0.574,76.67,41.1,1.4,30,7.33,22.33,2.67,0.307,44.33,1,1,0,0.5141,0.9182,0.263
6831,124,139,50,0.719,23.33,31.23,1.2,20,7.7,29.83,5,0.3,75.33,2,0,0,NA,0.8627,0.2778
6839,64,80.33,50,0.4853,46.67,38.83,1.13,33.33,1.33,24.8,2.63,0.28,68.67,1,1,NA,0.6974,0.9397,0.3036
6840,105,118,70,0.768,36.67,35.37,1.53,16.67,1.37,27.73,2,0.293,94.33,5,3,3,0.6122,0.9499,0.2463
6841,128,148.67,30,0.5167,13.33,47.37,1.3,21.67,12.53,31.1,3.8,0.32,75.67,1,4,4,0.7332,1.0235,0.2661
6842,97,111.67,60,0.4833,51.67,31.47,0.9,25,4.17,21.97,2.47,0.3,78.33,2,1,2,0.5654,0.8875,0.2521
6845,110,156.33,40,0.5773,16.67,49.6,1.13,16.67,4.03,33.9,5.17,0.38,60,2,1,2,0.6528,0.9749,0.2964
6846,119,122.33,30,0.8253,30,38.47,1.27,23.33,4.2,24.77,3.47,0.28,98.33,1,2,1,0.692,0.9357,0.2722
6847,99,103.67,60,0.607,8.33,41.07,1.27,8.33,0,22.97,6.13,0.287,38.67,1,1,1,0.713,0.8944,0.2886
6848,124,99.67,70,0.5797,38.33,38.7,0.77,26.67,7.83,19.57,3.27,0.313,63.33,3,3,0,0.5274,0.9195,0.2478
6849,144,152.33,30,0.6853,28.33,45.8,1.03,8.33,3.17,39.27,4.47,0.4,95,3,0,0,0.6099,0.9582,0.2276
6851,104,114.33,60,0.5507,11.67,32.4,0.82,36.67,9.17,26.33,4.37,0.37,45.67,2,1,1,0.4641,0.9024,0.2465
6853,121,147.67,50,0.776,11.67,40.63,1.13,21.67,7.8,31.87,3.37,0.46,131.33,3,1,1,0.4578,0.8937,0.254
6858,100,113,50,0.4677,25,45.5,1.53,20,0,26.4,2.63,0.287,120,5,3,1,0.5314,0.8754,0.2558
6860,118,151.67,60,0.683,33.33,49,1.5,26.67,2.83,25.6,2.97,0.287,88.67,1,NA,0,0.6561,0.8603,0.2546
6866,146,138,65,0.6653,33.33,59.3,0.93,20,7.2,27.87,0,0.307,90.67,5,2,0,0.4582,0.8539,0.2599
6867,118,135,50,0.5633,13.33,34.27,1.07,10,2.8,26.47,4.07,0.27,66.67,2,0,NA,0.5703,0.9002,0.2473
6869,100,138.33,40,0.511,56.67,53.47,1.17,23.33,0,33.37,5.1,0.3,83,0,NA,0,NA,NA,NA
6872,101,133,50,0.585,15,50,1.2,20,8.83,28.7,5.47,0.35,94.67,1,NA,1,0.6085,0.8552,0.2689
6873,133,161.33,50,0.747,65,39.73,1.37,26.67,11.57,35.5,5.9,0.32,82.33,4,2,0,0.4722,0.9566,0.2531
6874,128,100.33,30,0.407,38.33,21.1,0.57,13.33,2,20.27,1.67,0.287,44.67,2,3,0,0.4799,0.9426,0.2438
6875,84,132.67,50,0.667,20,48.27,1.43,35,0,32.33,2.23,0.25,138.67,1,1,0,0.5655,0.8516,0.2514
6877,107,132.33,40,0.7817,61.67,45.53,1.33,35,2.1,30.57,5.67,0.293,68.33,1,1,NA,0.6618,0.883,0.2721
6879,117,135.33,50,0.666,30,57.03,1.33,25,13.93,35.43,4.5,0.287,126.67,2,0,0,0.6073,0.8864,0.2661
6882,117,141.67,50,0.753,43.33,33.83,1.63,11.67,7.57,33.17,6.73,0.307,95.33,1,NA,0,0.547,0.8225,0.2413
6885,106,115.67,50,0.669,11.67,39.27,1.27,30,2.67,29.83,5.33,0.3,78.33,2,3,0,0.7166,0.9271,0.289
6888,114,116,60,0.6083,100,50.13,1.07,38.33,7.93,27.27,1.93,0.32,88.67,5,4,0,0.6083,0.9849,0.261
6898,100,109.67,55,0.451,10,41.35,0.93,5,0,31.57,6.07,0.32,56,2,0,1,0.5711,0.8446,0.2826
6903,74,122.33,50,0.456,30,38.37,1.13,10,1.83,26.63,1.4,0.34,65.67,3,1,0,0.6979,1.0115,0.2728
6906,106,121.67,55,0.7683,11.67,45,1.3,21.67,0,44.43,4.5,0.3,132,1,0,0,0.6264,0.8833,0.2676
6907,115,144.33,50,0.7063,23.33,38.53,0.93,18.33,9.67,26.53,3.7,0.293,71.67,5,3,1,0.591,0.8884,0.2467
6908,132,149,40,0.6103,15,51.07,1.13,16.67,10.13,31.33,6.63,0.423,74.67,4,2,0,0.6595,1.0214,0.2556
6909,114,122,60,0.5103,18.33,35.53,0.97,25,8.1,22.57,2.7,0.25,44.33,4,0,0,0.7725,0.9962,0.2576
6912,96,106.67,30,0.555,18.33,44.43,1.13,36.67,0,32.33,2.47,0.32,77,2,0,0,0.5325,0.9792,0.2595
6916_1,121,145.67,30,0.5173,83.33,43.33,1.03,13.33,2.83,31.67,2.27,0.393,111,3,4,0,0.6112,1.0126,0.2564
6916_2,110,129,60,0.7197,15,33.47,0.93,23.33,8.57,34.7,5,0.313,89.33,2,1,0,0.6179,0.9181,0.2415
6918,103,120.67,60,0.6733,16.67,49.77,1.13,18.33,5.33,32.73,3.27,0.313,128,4,2,2,0.3966,0.7714,0.2315
6919,130,137.33,50,0.567,46.67,47.23,1.03,15,1.33,32.07,3.5,0.4,68,5,NA,3,0.6228,0.9139,0.2665
6921,98,123.33,40,0.627,21.67,23.07,0.83,8.33,1.67,27,2.43,0.35,63.33,3,0,0,0.6141,0.9366,0.2373
6923,120,138.67,30,0.5497,90,36,1.03,36.67,3.27,33.37,3.93,0.35,64.33,4,3,0,0.5166,NA,NA
6927,97,133.33,50,0.7043,18.33,42.17,1.03,8.33,0,28.87,3.77,0.313,80.33,1,1,1,0.5989,0.8995,0.2684
6930,130,144,35,0.6447,35,61.2,1.53,21.67,6.93,34.43,3.97,0.307,165.33,2,0,0,0.6681,0.8481,0.2377
6931,75,110.17,65,0.7787,31.67,39.6,0.82,31.67,4.6,36.43,4.07,0.313,96.67,4,2,0,0.6437,0.9245,0.2439
6932,109,102.33,50,0.5363,21.67,36.57,1.3,20,0.77,30.2,4.03,0.313,70.67,2,3,3,NA,NA,NA
6934,149,166,30,0.6343,53.33,50.13,1,13.33,10.4,37.07,6.2,0.43,66.67,3,1,1,0.5748,0.9594,0.2517
6936,91,93.33,60,0.4863,8.33,26.87,0.77,5,0,24.43,4.9,0.33,46.33,2,1,1,NA,0.8999,0.238
6939,120,129,65,0.5613,96.67,37.6,0.83,23.33,7.8,28.33,5.3,0.33,64.67,3,3,3,0.6509,NA,NA
6940,117,98.67,65,0.7317,43.33,42.37,1,26.67,0,33.03,5.73,0.34,86.33,4,3,2,NA,NA,NA
6942,85,110,60,0.6183,48.33,40.63,1.5,11.67,0,27.4,4.4,0.293,55.67,1,NA,0,0.6117,0.9085,0.2592
6944,115,123.33,50,0.609,80,40.63,1.03,13.33,3.6,30.5,5.07,0.4,70.67,2,0,NA,0.7171,1.0188,0.2717
6948,123,183,25,0.6633,50,37.5,1.33,25,6.07,34.2,4.57,0.35,84,3,1,2,0.6708,0.9964,0.2621
6950,128,149.17,60,0.5903,20,48.67,1.1,13.33,4.57,31.1,5.5,0.32,70.67,3,0,0,0.6244,0.834,0.2732
6954_1,121,139.33,50,0.819,21.67,33.1,0.93,10,2.17,27.13,0,0.23,134.67,3,0,1,0.6175,0.9152,0.251
6955,93,85.33,70,0.7437,21.67,29.1,1.1,8.33,0.2,23.2,4.93,0.287,61.33,3,1,0,NA,NA,NA
6956,100,107.67,40,0.4403,60,32.37,1.13,43.33,7.5,26.73,4.67,0.4,67.33,3,2,2,0.5837,0.9033,0.2421
6967,141,128,60,0.4593,65,45.2,0.93,10,0,37.87,3.67,0.313,63.33,4,2,0,0.5437,0.9304,0.2259
6968,132,174.67,30,0.6393,38.33,44.13,1.17,13.33,13.73,34.47,2.9,0.3,80,4,1,NA,0.673666667,0.9434,0.2532
6969,109,117.67,50,0.666,10,34.73,1.2,28.33,0,27.67,5,0.207,64,2,2,5,0.7787,0.9945,0.2744
6971,133,142.33,70,0.5993,35,48.37,1.2,10,6.23,34.1,6.27,0.35,78.67,3,4,5,0.736,1.0021,0.2698
6973,117,111.33,40,0.5713,35,34.13,1.03,13.33,2.4,27.63,2.53,0.413,59.33,1,0,NA,0.6042,1.0063,0.2671
6975,116,94.67,50,0.57,5,44.43,1.07,10,0,27.03,5.77,0.287,55.33,2,1,5,0.7464,0.9135,0.27
6976,121,102.33,60,0.381,73.33,30.6,1.03,35,1.6,26.23,4.57,0.32,57.33,5,4,3,0.4217,0.8658,0.2292
6977,98,89.33,50,0.549,16.67,46.67,1.3,26.67,0,24.07,2.23,0.3,79.33,1,0,0,0.6721,NA,NA
6984,105,67.33,65,0.406,16.67,24.8,0.8,21.67,2,19.37,2.5,0.28,40.67,1,NA,0,NA,NA,NA
6986,128,107,30,0.747,10,33.27,1.23,15,0,26.1,2.97,0.287,82,1,0,0,0.5982,NA,NA
6987,132,140.33,45,0.6413,13.33,60.03,1,23.33,3.53,33.57,5.2,0.38,81.67,2,1,1,0.5818,0.947,0.2736
6989,95,111,50,0.6417,16.67,53.83,1.37,26.67,2.97,32.43,4.43,0.3,117.67,3,1,3,0.6645,NA,NA
6999,120,137.33,40,0.576,91.67,43.6,0.93,8.33,3.27,30,3.4,0.4,73,3,2,1,0.541,NA,NA
